margin,year
33,1987
59,1987
45,1987
91,1987
39,1987
1,1987
14,1987
33,1987
19,1987
7,1987
5,1987
44,1987
62,1987
108,1987
74,1987
46,1987
50,1987
87,1987
77,1987
34,1987
27,1987
87,1987
9,1987
47,1987
15,1987
10,1987
47,1987
41,1987
17,1987
54,1987
4,1987
75,1987
12,1987
20,1987
5,1987
7,1987
41,1987
47,1987
0,1987
44,1987
9,1987
74,1987
19,1987
56,1987
46,1987
25,1987
34,1987
23,1987
8,1987
29,1987
26,1987
24,1987
47,1987
48,1987
35,1987
34,1987
34,1987
32,1987
22,1987
6,1987
114,1987
25,1987
16,1987
103,1987
22,1987
33,1987
21,1987
56,1987
9,1987
57,1987
15,1987
22,1987
22,1987
73,1987
45,1987
5,1987
26,1987
36,1987
68,1987
1,1987
26,1987
6,1987
36,1987
95,1987
72,1987
16,1987
39,1987
13,1987
54,1987
37,1987
59,1987
27,1987
1,1987
12,1987
48,1987
71,1987
4,1987
38,1987
28,1987
57,1987
34,1987
33,1987
2,1987
41,1987
24,1987
3,1987
33,1987
97,1987
54,1987
28,1987
97,1987
55,1987
125,1987
46,1987
33,1987
97,1987
54,1987
28,1987
97,1987
55,1987
125,1987
46,1987
130,1987
40,1987
3,1987
33,1987
97,1987
54,1987
28,1987
97,1987
55,1987
125,1987
46,1987
130,1987
40,1987
25,1987
39,1987
163,1987
91,1987
1,1987
54,1987
11,1987
42,1987
25,1987
1,1987
11,1987
68,1987
27,1987
60,1987
3,1987
19,1987
23,1987
68,1987
55,1987
41,1987
0,1987
45,1987
76,1987
21,1987
61,1987
40,1987
49,1987
50,1987
38,1987
82,1987
9,1987
56,1987
4,1987
8,1987
15,1987
3,1987
5,1987
88,1987
99,1987
118,1987
15,1987
76,1987
2,1987
33,1987
15,1988
82,1988
21,1988
8,1988
22,1988
26,1988
46,1988
99,1988
68,1988
32,1988
20,1988
15,1988
85,1988
11,1988
72,1988
70,1988
51,1988
8,1988
21,1988
26,1988
118,1988
55,1988
39,1988
14,1988
38,1988
86,1988
22,1988
79,1988
7,1988
9,1988
28,1988
24,1988
62,1988
77,1988
27,1988
13,1988
40,1988
2,1988
33,1988
45,1988
2,1988
3,1988
76,1988
11,1988
44,1988
39,1988
21,1988
1,1988
77,1988
28,1988
13,1988
6,1988
48,1988
26,1988
6,1988
53,1988
140,1988
48,1988
33,1988
89,1988
28,1988
63,1988
13,1988
22,1988
21,1988
13,1988
33,1988
16,1988
53,1988
41,1988
7,1988
43,1988
27,1988
48,1988
39,1988
50,1988
20,1988
17,1988
63,1988
21,1988
18,1988
26,1988
13,1988
43,1988
66,1988
23,1988
45,1988
24,1988
25,1988
25,1988
34,1988
35,1988
23,1988
27,1988
39,1988
28,1988
33,1988
10,1988
4,1988
90,1988
25,1988
73,1988
24,1988
46,1988
20,1988
9,1988
43,1988
46,1988
44,1988
17,1988
27,1988
51,1988
70,1988
40,1988
0,1988
46,1988
69,1988
7,1988
29,1988
63,1988
76,1988
34,1988
26,1988
31,1988
41,1988
44,1988
46,1988
28,1988
67,1988
74,1988
69,1988
18,1988
31,1988
14,1988
4,1988
1,1988
10,1988
9,1988
63,1988
60,1988
12,1988
38,1988
14,1988
38,1988
45,1988
3,1988
60,1988
103,1988
30,1988
35,1988
19,1988
95,1988
4,1988
24,1988
2,1988
38,1988
21,1988
13,1988
22,1988
96,1988
16,1989
39,1989
59,1989
10,1989
5,1989
2,1989
16,1989
4,1989
25,1989
26,1989
68,1989
69,1989
58,1989
95,1989
60,1989
44,1989
10,1989
18,1989
61,1989
53,1989
51,1989
26,1989
64,1989
74,1989
12,1989
43,1989
28,1989
44,1989
54,1989
54,1989
1,1989
11,1989
52,1989
11,1989
37,1989
8,1989
36,1989
60,1989
8,1989
28,1989
8,1989
16,1989
9,1989
6,1989
28,1989
81,1989
119,1989
2,1989
31,1989
129,1989
29,1989
58,1989
1,1989
74,1989
3,1989
2,1989
94,1989
37,1989
67,1989
134,1989
35,1989
44,1989
9,1989
30,1989
3,1989
66,1989
53,1989
32,1989
7,1989
5,1989
28,1989
19,1989
35,1989
8,1989
35,1989
54,1989
15,1989
28,1989
11,1989
54,1989
5,1989
69,1989
18,1989
14,1989
71,1989
23,1989
52,1989
5,1989
28,1989
8,1989
8,1989
60,1989
3,1989
24,1989
91,1989
25,1989
14,1989
48,1989
6,1989
142,1989
6,1989
36,1989
74,1989
40,1989
38,1989
0,1989
60,1989
33,1989
3,1989
4,1989
41,1989
42,1989
72,1989
27,1989
21,1989
27,1989
76,1989
25,1989
37,1989
5,1989
4,1989
48,1989
23,1989
83,1989
28,1989
51,1989
28,1989
54,1989
32,1989
50,1989
24,1989
2,1989
50,1989
44,1989
1,1989
33,1989
16,1989
78,1989
11,1989
16,1989
6,1989
13,1989
46,1989
75,1989
22,1989
32,1989
76,1989
43,1989
49,1989
19,1989
15,1989
76,1989
90,1989
35,1989
23,1989
76,1989
36,1989
63,1989
94,1989
6,1989
5,1990
81,1990
115,1990
53,1990
59,1990
46,1990
63,1990
141,1990
39,1990
35,1990
37,1990
58,1990
62,1990
62,1990
16,1990
63,1990
30,1990
18,1990
35,1990
27,1990
73,1990
50,1990
82,1990
18,1990
78,1990
25,1990
31,1990
34,1990
27,1990
79,1990
1,1990
8,1990
30,1990
64,1990
61,1990
35,1990
71,1990
30,1990
26,1990
32,1990
3,1990
5,1990
55,1990
20,1990
2,1990
18,1990
2,1990
8,1990
14,1990
9,1990
67,1990
45,1990
53,1990
16,1990
59,1990
19,1990
41,1990
80,1990
11,1990
44,1990
69,1990
19,1990
79,1990
28,1990
77,1990
23,1990
52,1990
14,1990
90,1990
2,1990
39,1990
8,1990
49,1990
34,1990
6,1990
22,1990
14,1990
23,1990
69,1990
11,1990
30,1990
20,1990
45,1990
33,1990
19,1990
33,1990
54,1990
59,1990
18,1990
90,1990
37,1990
82,1990
26,1990
83,1990
7,1990
68,1990
127,1990
72,1990
18,1990
54,1990
75,1990
16,1990
10,1990
44,1990
49,1990
43,1990
15,1990
8,1990
27,1990
91,1990
36,1990
24,1990
31,1990
79,1990
19,1990
21,1990
75,1990
15,1990
3,1990
10,1990
13,1990
68,1990
2,1990
38,1990
29,1990
15,1990
35,1990
36,1990
67,1990
66,1990
34,1990
6,1990
48,1990
31,1990
20,1990
83,1990
1,1990
27,1990
64,1990
36,1990
92,1990
31,1990
86,1990
24,1990
2,1990
36,1990
41,1990
21,1990
12,1990
89,1990
35,1990
7,1990
12,1990
30,1990
0,1990
9,1990
59,1990
30,1990
63,1990
63,1990
48,1990
86,1991
25,1991
79,1991
70,1991
131,1991
27,1991
46,1991
23,1991
91,1991
26,1991
4,1991
57,1991
59,1991
73,1991
57,1991
9,1991
49,1991
24,1991
72,1991
37,1991
16,1991
0,1991
45,1991
45,1991
102,1991
31,1991
70,1991
11,1991
24,1991
22,1991
37,1991
65,1991
54,1991
36,1991
45,1991
34,1991
31,1991
157,1991
31,1991
44,1991
82,1991
21,1991
13,1991
131,1991
32,1991
46,1991
31,1991
77,1991
7,1991
39,1991
44,1991
69,1991
57,1991
2,1991
42,1991
12,1991
16,1991
5,1991
6,1991
99,1991
34,1991
21,1991
43,1991
14,1991
28,1991
7,1991
34,1991
37,1991
26,1991
6,1991
16,1991
84,1991
41,1991
47,1991
20,1991
0,1991
52,1991
3,1991
6,1991
40,1991
35,1991
118,1991
2,1991
87,1991
38,1991
14,1991
30,1991
13,1991
44,1991
50,1991
99,1991
39,1991
33,1991
3,1991
66,1991
64,1991
33,1991
46,1991
19,1991
123,1991
44,1991
83,1991
63,1991
24,1991
53,1991
6,1991
24,1991
28,1991
65,1991
81,1991
7,1991
17,1991
49,1991
37,1991
13,1991
11,1991
1,1991
74,1991
13,1991
6,1991
68,1991
4,1991
7,1991
3,1991
32,1991
12,1991
57,1991
101,1991
7,1991
27,1991
52,1991
67,1991
2,1991
101,1991
14,1991
59,1991
15,1991
1,1991
45,1991
126,1991
72,1991
54,1991
24,1991
36,1991
51,1991
1,1991
27,1991
4,1991
17,1991
24,1991
12,1991
46,1991
120,1991
33,1991
98,1991
32,1991
11,1991
63,1991
41,1991
39,1991
10,1991
80,1991
36,1991
15,1991
73,1991
38,1991
23,1991
7,1991
2,1991
38,1991
15,1991
53,1991
24,1992
20,1992
27,1992
17,1992
26,1992
66,1992
8,1992
66,1992
3,1992
32,1992
52,1992
19,1992
26,1992
9,1992
126,1992
24,1992
33,1992
22,1992
15,1992
50,1992
10,1992
9,1992
33,1992
24,1992
46,1992
21,1992
0,1992
39,1992
27,1992
34,1992
20,1992
33,1992
49,1992
1,1992
24,1992
8,1992
1,1992
60,1992
98,1992
0,1992
79,1992
50,1992
74,1992
20,1992
164,1992
56,1992
33,1992
74,1992
60,1992
59,1992
52,1992
123,1992
59,1992
39,1992
72,1992
57,1992
24,1992
32,1992
42,1992
5,1992
40,1992
36,1992
17,1992
52,1992
15,1992
108,1992
61,1992
3,1992
3,1992
34,1992
59,1992
34,1992
43,1992
35,1992
44,1992
62,1992
51,1992
28,1992
26,1992
1,1992
1,1992
53,1992
77,1992
56,1992
23,1992
107,1992
34,1992
1,1992
35,1992
49,1992
14,1992
19,1992
6,1992
44,1992
75,1992
67,1992
75,1992
8,1992
3,1992
4,1992
9,1992
22,1992
22,1992
19,1992
28,1992
63,1992
99,1992
87,1992
53,1992
1,1992
73,1992
39,1992
13,1992
12,1992
53,1992
3,1992
18,1992
37,1992
16,1992
41,1992
66,1992
49,1992
82,1992
22,1992
75,1992
75,1992
19,1992
46,1992
7,1992
85,1992
131,1992
47,1992
160,1992
9,1992
18,1992
9,1992
110,1992
31,1992
52,1992
32,1992
19,1992
20,1992
35,1992
33,1992
30,1992
82,1992
84,1992
93,1992
16,1992
51,1992
6,1992
35,1992
68,1992
16,1992
59,1992
15,1992
30,1992
91,1992
30,1992
34,1992
19,1992
46,1992
57,1992
5,1992
33,1992
8,1992
13,1992
61,1992
29,1992
38,1992
64,1992
28,1992
20,1993
23,1993
24,1993
6,1993
23,1993
13,1993
94,1993
46,1993
10,1993
7,1993
8,1993
0,1993
15,1993
57,1993
38,1993
3,1993
2,1993
44,1993
24,1993
2,1993
30,1993
1,1993
22,1993
29,1993
46,1993
86,1993
52,1993
37,1993
93,1993
46,1993
1,1993
45,1993
9,1993
93,1993
17,1993
124,1993
24,1993
36,1993
27,1993
41,1993
32,1993
31,1993
1,1993
43,1993
25,1993
8,1993
44,1993
18,1993
18,1993
28,1993
58,1993
50,1993
162,1993
2,1993
38,1993
10,1993
64,1993
19,1993
46,1993
13,1993
25,1993
4,1993
2,1993
29,1993
70,1993
83,1993
54,1993
37,1993
26,1993
29,1993
55,1993
57,1993
45,1993
30,1993
51,1993
6,1993
78,1993
25,1993
34,1993
79,1993
41,1993
7,1993
3,1993
33,1993
78,1993
23,1993
28,1993
20,1993
40,1993
44,1993
1,1993
46,1993
56,1993
116,1993
30,1993
1,1993
38,1993
92,1993
14,1993
46,1993
34,1993
93,1993
16,1993
139,1993
64,1993
16,1993
71,1993
86,1993
2,1993
42,1993
15,1993
13,1993
21,1993
8,1993
92,1993
19,1993
37,1993
68,1993
19,1993
94,1993
62,1993
31,1993
37,1993
89,1993
21,1993
82,1993
12,1993
23,1993
5,1993
60,1993
15,1993
13,1993
7,1993
44,1993
59,1993
22,1993
42,1993
32,1993
54,1993
104,1993
27,1993
62,1993
121,1993
20,1993
1,1993
43,1993
12,1993
57,1993
24,1993
23,1993
51,1993
2,1993
15,1993
18,1993
32,1993
11,1993
44,1993
2,1994
3,1994
11,1994
56,1994
10,1994
66,1994
65,1994
13,1994
69,1994
54,1994
19,1994
62,1994
88,1994
34,1994
127,1994
96,1994
33,1994
14,1994
29,1994
19,1994
1,1994
14,1994
13,1994
18,1994
76,1994
87,1994
53,1994
27,1994
87,1994
4,1994
15,1994
8,1994
17,1994
71,1994
42,1994
5,1994
37,1994
60,1994
11,1994
41,1994
13,1994
32,1994
37,1994
28,1994
1,1994
66,1994
28,1994
29,1994
49,1994
99,1994
94,1994
43,1994
3,1994
33,1994
1,1994
9,1994
64,1994
31,1994
97,1994
13,1994
26,1994
36,1994
74,1994
11,1994
12,1994
39,1994
27,1994
23,1994
25,1994
46,1994
55,1994
64,1994
20,1994
44,1994
3,1994
80,1994
27,1994
9,1994
58,1994
28,1994
66,1994
13,1994
80,1994
5,1994
74,1994
37,1994
33,1994
5,1994
18,1994
18,1994
0,1994
104,1994
16,1994
44,1994
34,1994
79,1994
46,1994
36,1994
98,1994
7,1994
7,1994
20,1994
64,1994
30,1994
3,1994
49,1994
36,1994
60,1994
25,1994
38,1994
28,1994
61,1994
43,1994
4,1994
64,1994
14,1994
12,1994
40,1994
32,1994
10,1994
7,1994
36,1994
48,1994
20,1994
32,1994
77,1994
10,1994
53,1994
66,1994
33,1994
28,1994
32,1994
1,1994
46,1994
15,1994
28,1994
84,1994
9,1994
28,1994
41,1994
45,1994
8,1994
28,1994
3,1994
20,1994
33,1994
3,1994
60,1994
10,1994
52,1994
64,1994
86,1994
113,1994
12,1994
40,1994
2,1994
11,1994
57,1994
64,1994
76,1994
38,1994
18,1994
19,1994
71,1994
46,1994
23,1994
5,1994
2,1994
27,1994
33,1994
79,1994
65,1994
6,1994
80,1994
3,1995
5,1995
57,1995
74,1995
14,1995
46,1995
29,1995
17,1995
9,1995
24,1995
69,1995
19,1995
5,1995
27,1995
4,1995
26,1995
98,1995
48,1995
43,1995
27,1995
6,1995
66,1995
5,1995
16,1995
19,1995
32,1995
36,1995
37,1995
10,1995
23,1995
49,1995
0,1995
16,1995
2,1995
89,1995
20,1995
57,1995
59,1995
116,1995
34,1995
8,1995
12,1995
23,1995
11,1995
88,1995
58,1995
28,1995
47,1995
14,1995
8,1995
30,1995
5,1995
21,1995
18,1995
85,1995
7,1995
72,1995
33,1995
38,1995
62,1995
21,1995
72,1995
21,1995
18,1995
61,1995
34,1995
2,1995
56,1995
28,1995
27,1995
26,1995
66,1995
27,1995
25,1995
25,1995
71,1995
14,1995
32,1995
102,1995
45,1995
74,1995
60,1995
11,1995
44,1995
58,1995
71,1995
42,1995
32,1995
18,1995
6,1995
0,1995
21,1995
3,1995
44,1995
17,1995
1,1995
96,1995
52,1995
11,1995
37,1995
16,1995
99,1995
57,1995
19,1995
52,1995
13,1995
41,1995
122,1995
25,1995
30,1995
52,1995
67,1995
0,1995
33,1995
29,1995
81,1995
44,1995
26,1995
49,1995
8,1995
11,1995
29,1995
55,1995
71,1995
58,1995
7,1995
22,1995
7,1995
22,1995
48,1995
45,1995
5,1995
77,1995
50,1995
97,1995
30,1995
44,1995
62,1995
33,1995
30,1995
4,1995
25,1995
52,1995
15,1995
10,1995
8,1995
8,1995
20,1995
23,1995
14,1995
135,1995
126,1995
3,1995
76,1995
29,1995
41,1995
46,1995
19,1995
31,1995
77,1995
31,1995
27,1995
45,1995
32,1995
15,1995
54,1995
1,1995
17,1995
21,1995
103,1995
41,1995
54,1995
37,1995
46,1995
53,1995
23,1995
30,1995
19,1995
82,1995
13,1995
13,1995
58,1995
62,1995
89,1995
61,1995
127,1996
21,1996
18,1996
24,1996
87,1996
22,1996
22,1996
90,1996
26,1996
32,1996
47,1996
131,1996
30,1996
29,1996
29,1996
94,1996
64,1996
73,1996
18,1996
51,1996
59,1996
10,1996
53,1996
34,1996
30,1996
85,1996
96,1996
0,1996
37,1996
47,1996
18,1996
1,1996
12,1996
37,1996
39,1996
1,1996
12,1996
3,1996
26,1996
109,1996
11,1996
0,1996
92,1996
21,1996
106,1996
72,1996
25,1996
16,1996
29,1996
23,1996
44,1996
63,1996
63,1996
51,1996
96,1996
67,1996
10,1996
12,1996
51,1996
55,1996
36,1996
31,1996
67,1996
24,1996
105,1996
34,1996
12,1996
40,1996
54,1996
22,1996
58,1996
63,1996
20,1996
70,1996
0,1996
11,1996
22,1996
54,1996
57,1996
38,1996
79,1996
34,1996
24,1996
44,1996
9,1996
63,1996
1,1996
53,1996
46,1996
21,1996
31,1996
19,1996
77,1996
33,1996
46,1996
12,1996
23,1996
16,1996
21,1996
46,1996
11,1996
127,1996
12,1996
51,1996
55,1996
33,1996
17,1996
8,1996
66,1996
23,1996
51,1996
27,1996
68,1996
2,1996
67,1996
61,1996
17,1996
46,1996
18,1996
35,1996
89,1996
49,1996
58,1996
20,1996
14,1996
34,1996
22,1996
40,1996
113,1996
9,1996
41,1996
47,1996
24,1996
6,1996
99,1996
26,1996
31,1996
10,1996
61,1996
35,1996
17,1996
15,1996
63,1996
6,1996
24,1996
67,1996
36,1996
45,1996
53,1996
19,1996
48,1996
18,1996
21,1996
65,1996
87,1996
23,1996
6,1996
38,1996
59,1996
13,1996
13,1996
1,1996
17,1996
18,1996
30,1996
57,1996
73,1996
151,1996
3,1996
35,1996
49,1996
42,1996
1,1996
69,1996
86,1996
32,1996
1,1996
55,1996
6,1996
60,1996
77,1996
97,1996
1,1996
38,1996
43,1996
15,1997
6,1997
41,1997
79,1997
4,1997
9,1997
36,1997
7,1997
107,1997
28,1997
6,1997
7,1997
14,1997
33,1997
97,1997
26,1997
8,1997
19,1997
7,1997
39,1997
42,1997
12,1997
40,1997
28,1997
2,1997
24,1997
46,1997
5,1997
17,1997
26,1997
7,1997
11,1997
29,1997
6,1997
48,1997
25,1997
50,1997
95,1997
2,1997
8,1997
14,1997
54,1997
1,1997
31,1997
10,1997
59,1997
64,1997
86,1997
43,1997
45,1997
22,1997
32,1997
55,1997
65,1997
79,1997
53,1997
46,1997
28,1997
79,1997
89,1997
5,1997
24,1997
25,1997
52,1997
51,1997
14,1997
37,1997
17,1997
47,1997
25,1997
28,1997
32,1997
38,1997
45,1997
28,1997
53,1997
25,1997
3,1997
22,1997
33,1997
6,1997
21,1997
33,1997
35,1997
52,1997
16,1997
21,1997
26,1997
54,1997
6,1997
16,1997
12,1997
31,1997
97,1997
85,1997
22,1997
7,1997
93,1997
15,1997
56,1997
17,1997
15,1997
10,1997
63,1997
75,1997
15,1997
8,1997
36,1997
54,1997
32,1997
18,1997
63,1997
10,1997
64,1997
19,1997
10,1997
100,1997
76,1997
1,1997
18,1997
31,1997
78,1997
79,1997
32,1997
53,1997
37,1997
56,1997
6,1997
50,1997
9,1997
137,1997
97,1997
38,1997
47,1997
48,1997
52,1997
19,1997
116,1997
85,1997
15,1997
70,1997
41,1997
33,1997
22,1997
57,1997
43,1997
16,1997
21,1997
38,1997
9,1997
7,1997
5,1997
38,1997
0,1997
28,1997
13,1997
10,1997
43,1997
1,1997
58,1997
52,1997
35,1997
18,1997
38,1997
4,1997
32,1997
85,1997
9,1997
39,1997
18,1997
40,1997
10,1997
2,1997
11,1997
4,1997
33,1997
35,1997
46,1997
18,1997
33,1997
13,1997
8,1997
31,1997
2,1997
31,1997
2,1998
18,1998
10,1998
46,1998
39,1998
23,1998
14,1998
7,1998
60,1998
25,1998
38,1998
45,1998
19,1998
56,1998
89,1998
93,1998
29,1998
6,1998
34,1998
27,1998
103,1998
22,1998
13,1998
1,1998
45,1998
19,1998
8,1998
15,1998
24,1998
9,1998
2,1998
17,1998
15,1998
20,1998
41,1998
17,1998
49,1998
26,1998
16,1998
22,1998
35,1998
17,1998
36,1998
8,1998
29,1998
4,1998
2,1998
19,1998
36,1998
42,1998
9,1998
89,1998
17,1998
42,1998
8,1998
28,1998
14,1998
22,1998
27,1998
10,1998
13,1998
40,1998
3,1998
8,1998
15,1998
13,1998
41,1998
48,1998
38,1998
21,1998
37,1998
17,1998
13,1998
101,1998
6,1998
30,1998
24,1998
53,1998
7,1998
23,1998
60,1998
2,1998
47,1998
17,1998
71,1998
67,1998
27,1998
29,1998
15,1998
2,1998
26,1998
95,1998
26,1998
0,1998
35,1998
35,1998
11,1998
26,1998
9,1998
2,1998
34,1998
11,1998
8,1998
85,1998
18,1998
18,1998
16,1998
90,1998
15,1998
17,1998
52,1998
37,1998
62,1998
27,1998
27,1998
66,1998
18,1998
13,1998
10,1998
33,1998
4,1998
24,1998
91,1998
23,1998
86,1998
14,1998
34,1998
19,1998
1,1998
65,1998
21,1998
80,1998
21,1998
3,1998
60,1998
9,1998
43,1998
34,1998
70,1998
95,1998
55,1998
6,1998
36,1998
39,1998
27,1998
59,1998
33,1998
49,1998
1,1998
6,1998
74,1998
19,1998
104,1998
74,1998
35,1998
2,1998
10,1998
30,1998
23,1998
39,1998
11,1998
77,1998
8,1998
13,1998
55,1998
21,1998
53,1998
31,1998
5,1998
89,1998
10,1998
25,1998
1,1998
12,1998
76,1998
54,1998
22,1998
2,1998
48,1998
70,1998
51,1998
27,1998
30,1998
68,1998
35,1998
39,1999
6,1999
17,1999
89,1999
13,1999
4,1999
15,1999
29,1999
35,1999
21,1999
4,1999
12,1999
10,1999
46,1999
13,1999
29,1999
10,1999
81,1999
23,1999
34,1999
6,1999
2,1999
36,1999
15,1999
1,1999
50,1999
29,1999
2,1999
61,1999
8,1999
41,1999
74,1999
62,1999
2,1999
24,1999
26,1999
50,1999
8,1999
81,1999
55,1999
41,1999
72,1999
2,1999
23,1999
35,1999
25,1999
28,1999
28,1999
20,1999
20,1999
34,1999
21,1999
45,1999
17,1999
28,1999
56,1999
43,1999
40,1999
64,1999
52,1999
39,1999
54,1999
41,1999
16,1999
38,1999
33,1999
60,1999
11,1999
30,1999
13,1999
57,1999
62,1999
54,1999
48,1999
6,1999
10,1999
22,1999
51,1999
7,1999
17,1999
33,1999
16,1999
2,1999
29,1999
39,1999
0,1999
20,1999
11,1999
35,1999
13,1999
18,1999
36,1999
5,1999
65,1999
1,1999
27,1999
4,1999
20,1999
36,1999
44,1999
21,1999
18,1999
35,1999
1,1999
1,1999
2,1999
41,1999
35,1999
63,1999
36,1999
22,1999
34,1999
29,1999
31,1999
48,1999
3,1999
51,1999
23,1999
37,1999
42,1999
25,1999
39,1999
2,1999
55,1999
76,1999
8,1999
47,1999
32,1999
19,1999
7,1999
41,1999
7,1999
26,1999
57,1999
49,1999
100,1999
22,1999
14,1999
36,1999
33,1999
21,1999
5,1999
25,1999
52,1999
60,1999
32,1999
69,1999
10,1999
33,1999
24,1999
39,1999
68,1999
22,1999
25,1999
2,1999
17,1999
36,1999
9,1999
114,1999
118,1999
58,1999
61,1999
55,1999
2,1999
33,1999
24,1999
2,1999
13,1999
11,1999
41,1999
42,1999
17,1999
67,1999
85,1999
51,1999
76,1999
5,1999
44,1999
73,1999
69,1999
53,1999
54,1999
45,1999
1,1999
35,1999
2,2000
94,2000
43,2000
22,2000
23,2000
34,2000
54,2000
40,2000
43,2000
25,2000
40,2000
38,2000
42,2000
11,2000
29,2000
12,2000
36,2000
11,2000
0,2000
7,2000
47,2000
73,2000
12,2000
36,2000
5,2000
114,2000
47,2000
39,2000
5,2000
1,2000
43,2000
90,2000
8,2000
24,2000
31,2000
30,2000
8,2000
39,2000
81,2000
26,2000
63,2000
32,2000
39,2000
117,2000
91,2000
6,2000
86,2000
25,2000
12,2000
9,2000
31,2000
7,2000
61,2000
51,2000
40,2000
11,2000
61,2000
40,2000
6,2000
25,2000
45,2000
70,2000
64,2000
22,2000
1,2000
9,2000
3,2000
25,2000
13,2000
65,2000
26,2000
29,2000
30,2000
48,2000
0,2000
27,2000
48,2000
58,2000
88,2000
18,2000
62,2000
30,2000
58,2000
93,2000
3,2000
35,2000
36,2000
3,2000
86,2000
59,2000
50,2000
12,2000
4,2000
50,2000
25,2000
17,2000
9,2000
98,2000
14,2000
84,2000
7,2000
49,2000
44,2000
31,2000
4,2000
65,2000
36,2000
73,2000
85,2000
10,2000
13,2000
35,2000
33,2000
69,2000
69,2000
24,2000
32,2000
4,2000
27,2000
28,2000
57,2000
31,2000
6,2000
10,2000
28,2000
44,2000
61,2000
61,2000
24,2000
101,2000
1,2000
18,2000
38,2000
57,2000
57,2000
71,2000
87,2000
26,2000
7,2000
78,2000
86,2000
111,2000
43,2000
18,2000
39,2000
17,2000
3,2000
83,2000
27,2000
20,2000
18,2000
67,2000
26,2000
30,2000
54,2000
21,2000
9,2000
83,2000
40,2000
37,2000
11,2000
31,2000
90,2000
1,2000
5,2000
1,2000
18,2000
18,2000
15,2000
43,2000
19,2000
4,2000
107,2000
70,2000
47,2000
73,2000
9,2000
125,2000
34,2000
9,2000
10,2000
82,2000
50,2000
45,2000
60,2000
85,2001
4,2001
1,2001
5,2001
6,2001
66,2001
31,2001
52,2001
38,2001
26,2001
42,2001
17,2001
3,2001
60,2001
29,2001
15,2001
17,2001
22,2001
72,2001
80,2001
65,2001
18,2001
23,2001
20,2001
15,2001
47,2001
9,2001
53,2001
24,2001
64,2001
20,2001
39,2001
8,2001
39,2001
33,2001
29,2001
15,2001
49,2001
46,2001
15,2001
51,2001
26,2001
45,2001
43,2001
55,2001
8,2001
88,2001
13,2001
30,2001
46,2001
20,2001
11,2001
2,2001
32,2001
71,2001
40,2001
28,2001
74,2001
80,2001
49,2001
9,2001
6,2001
21,2001
22,2001
13,2001
18,2001
48,2001
5,2001
65,2001
20,2001
42,2001
19,2001
46,2001
119,2001
43,2001
31,2001
28,2001
11,2001
18,2001
38,2001
42,2001
3,2001
22,2001
30,2001
86,2001
27,2001
47,2001
77,2001
49,2001
7,2001
10,2001
49,2001
81,2001
3,2001
26,2001
34,2001
87,2001
61,2001
46,2001
22,2001
2,2001
7,2001
39,2001
19,2001
78,2001
58,2001
13,2001
57,2001
18,2001
28,2001
10,2001
92,2001
97,2001
34,2001
6,2001
21,2001
44,2001
26,2001
15,2001
44,2001
41,2001
75,2001
55,2001
34,2001
34,2001
49,2001
12,2001
70,2001
2,2001
12,2001
16,2001
29,2001
21,2001
7,2001
3,2001
35,2001
20,2001
107,2001
3,2001
16,2001
33,2001
8,2001
7,2001
92,2001
49,2001
11,2001
85,2001
53,2001
31,2001
42,2001
2,2001
34,2001
62,2001
65,2001
20,2001
30,2001
46,2001
44,2001
33,2001
51,2001
4,2001
77,2001
68,2001
89,2001
43,2001
38,2001
35,2001
87,2001
24,2001
70,2001
37,2001
2,2001
31,2001
43,2001
112,2001
10,2001
70,2001
68,2001
32,2001
55,2001
11,2001
3,2001
9,2001
68,2001
26,2001
37,2002
24,2002
50,2002
10,2002
23,2002
19,2002
19,2002
26,2002
52,2002
78,2002
13,2002
1,2002
31,2002
102,2002
3,2002
27,2002
20,2002
20,2002
30,2002
8,2002
50,2002
10,2002
32,2002
83,2002
41,2002
41,2002
34,2002
16,2002
3,2002
53,2002
66,2002
122,2002
33,2002
23,2002
46,2002
42,2002
0,2002
8,2002
62,2002
19,2002
83,2002
27,2002
68,2002
28,2002
57,2002
54,2002
28,2002
32,2002
25,2002
49,2002
29,2002
6,2002
52,2002
3,2002
10,2002
57,2002
9,2002
75,2002
5,2002
3,2002
21,2002
69,2002
99,2002
17,2002
5,2002
12,2002
4,2002
9,2002
2,2002
56,2002
30,2002
38,2002
8,2002
19,2002
11,2002
7,2002
26,2002
28,2002
50,2002
40,2002
11,2002
13,2002
59,2002
44,2002
4,2002
65,2002
61,2002
51,2002
7,2002
1,2002
2,2002
11,2002
47,2002
25,2002
15,2002
84,2002
12,2002
33,2002
15,2002
46,2002
42,2002
18,2002
9,2002
77,2002
1,2002
10,2002
84,2002
0,2002
32,2002
22,2002
44,2002
21,2002
23,2002
1,2002
28,2002
63,2002
18,2002
44,2002
2,2002
27,2002
40,2002
29,2002
30,2002
39,2002
26,2002
43,2002
43,2002
38,2002
1,2002
58,2002
4,2002
23,2002
56,2002
39,2002
34,2002
3,2002
108,2002
64,2002
61,2002
37,2002
42,2002
18,2002
5,2002
51,2002
8,2002
38,2002
47,2002
50,2002
9,2002
6,2002
1,2002
48,2002
14,2002
19,2002
55,2002
47,2002
45,2002
7,2002
12,2002
8,2002
15,2002
55,2002
68,2002
38,2002
2,2002
22,2002
11,2002
21,2002
18,2002
6,2002
18,2002
40,2002
41,2002
40,2002
55,2002
17,2002
13,2002
71,2002
33,2002
38,2002
24,2002
12,2002
28,2002
56,2002
9,2002
28,2003
48,2003
26,2003
74,2003
43,2003
56,2003
6,2003
39,2003
16,2003
37,2003
8,2003
26,2003
10,2003
2,2003
23,2003
22,2003
11,2003
57,2003
70,2003
47,2003
0,2003
27,2003
32,2003
48,2003
14,2003
46,2003
42,2003
19,2003
33,2003
45,2003
30,2003
26,2003
66,2003
24,2003
20,2003
12,2003
9,2003
27,2003
35,2003
45,2003
54,2003
27,2003
11,2003
33,2003
20,2003
14,2003
31,2003
15,2003
28,2003
16,2003
42,2003
5,2003
12,2003
19,2003
27,2003
83,2003
53,2003
16,2003
54,2003
9,2003
18,2003
39,2003
41,2003
7,2003
50,2003
77,2003
30,2003
52,2003
65,2003
25,2003
16,2003
34,2003
25,2003
28,2003
11,2003
32,2003
60,2003
17,2003
22,2003
28,2003
3,2003
5,2003
5,2003
54,2003
49,2003
0,2003
40,2003
56,2003
8,2003
64,2003
7,2003
42,2003
16,2003
73,2003
69,2003
33,2003
36,2003
42,2003
39,2003
43,2003
43,2003
30,2003
9,2003
42,2003
68,2003
3,2003
71,2003
76,2003
28,2003
8,2003
7,2003
1,2003
41,2003
41,2003
4,2003
116,2003
51,2003
12,2003
7,2003
15,2003
69,2003
31,2003
7,2003
8,2003
64,2003
5,2003
1,2003
18,2003
56,2003
60,2003
17,2003
18,2003
1,2003
14,2003
57,2003
73,2003
21,2003
54,2003
24,2003
23,2003
34,2003
61,2003
4,2003
4,2003
39,2003
17,2003
39,2003
24,2003
80,2003
1,2003
44,2003
67,2003
37,2003
14,2003
91,2003
0,2003
14,2003
39,2003
14,2003
56,2003
74,2003
18,2003
37,2003
60,2003
10,2003
20,2003
52,2003
65,2003
16,2003
14,2003
34,2003
19,2003
84,2003
124,2003
4,2003
16,2003
44,2003
15,2003
56,2003
12,2003
42,2003
39,2003
44,2003
44,2003
50,2003
40,2004
47,2004
49,2004
2,2004
61,2004
96,2004
75,2004
7,2004
59,2004
9,2004
21,2004
3,2004
34,2004
31,2004
54,2004
29,2004
60,2004
5,2004
6,2004
6,2004
81,2004
10,2004
9,2004
45,2004
37,2004
53,2004
3,2004
49,2004
15,2004
51,2004
34,2004
12,2004
75,2004
49,2004
65,2004
48,2004
12,2004
33,2004
26,2004
55,2004
1,2004
10,2004
1,2004
10,2004
1,2004
43,2004
105,2004
17,2004
26,2004
23,2004
9,2004
44,2004
32,2004
13,2004
49,2004
56,2004
51,2004
23,2004
27,2004
38,2004
47,2004
9,2004
92,2004
14,2004
3,2004
18,2004
59,2004
23,2004
78,2004
1,2004
25,2004
101,2004
30,2004
37,2004
86,2004
26,2004
27,2004
40,2004
4,2004
108,2004
18,2004
74,2004
4,2004
37,2004
74,2004
36,2004
31,2004
46,2004
12,2004
72,2004
23,2004
32,2004
66,2004
10,2004
10,2004
9,2004
66,2004
27,2004
10,2004
31,2004
33,2004
32,2004
26,2004
6,2004
21,2004
11,2004
65,2004
2,2004
18,2004
46,2004
41,2004
72,2004
29,2004
4,2004
78,2004
17,2004
13,2004
68,2004
57,2004
83,2004
44,2004
44,2004
8,2004
36,2004
12,2004
15,2004
52,2004
38,2004
35,2004
80,2004
27,2004
141,2004
49,2004
26,2004
57,2004
56,2004
7,2004
5,2004
48,2004
32,2004
40,2004
7,2004
49,2004
44,2004
33,2004
23,2004
17,2004
6,2004
11,2004
14,2004
31,2004
73,2004
34,2004
50,2004
23,2004
21,2004
86,2004
52,2004
62,2004
51,2004
37,2004
22,2004
31,2004
30,2004
20,2004
45,2004
23,2004
48,2004
1,2004
40,2004
64,2004
29,2004
113,2004
25,2004
17,2004
65,2004
80,2004
5,2004
41,2004
55,2004
51,2004
10,2004
6,2004
9,2004
40,2004
23,2005
20,2005
35,2005
46,2005
63,2005
62,2005
11,2005
32,2005
4,2005
23,2005
26,2005
22,2005
2,2005
1,2005
6,2005
14,2005
48,2005
20,2005
7,2005
8,2005
6,2005
68,2005
4,2005
2,2005
3,2005
46,2005
36,2005
0,2005
56,2005
41,2005
48,2005
47,2005
4,2005
19,2005
19,2005
34,2005
31,2005
73,2005
68,2005
14,2005
6,2005
14,2005
10,2005
45,2005
48,2005
35,2005
38,2005
56,2005
24,2005
18,2005
85,2005
23,2005
6,2005
19,2005
112,2005
47,2005
70,2005
39,2005
36,2005
26,2005
9,2005
24,2005
35,2005
35,2005
46,2005
23,2005
18,2005
19,2005
4,2005
13,2005
85,2005
54,2005
57,2005
28,2005
9,2005
19,2005
43,2005
14,2005
27,2005
117,2005
25,2005
2,2005
25,2005
39,2005
88,2005
23,2005
36,2005
22,2005
24,2005
46,2005
15,2005
58,2005
38,2005
4,2005
29,2005
45,2005
117,2005
15,2005
46,2005
70,2005
69,2005
22,2005
15,2005
1,2005
31,2005
1,2005
77,2005
42,2005
74,2005
6,2005
55,2005
18,2005
4,2005
26,2005
62,2005
78,2005
54,2005
10,2005
80,2005
53,2005
26,2005
69,2005
79,2005
23,2005
26,2005
74,2005
41,2005
35,2005
73,2005
35,2005
24,2005
13,2005
13,2005
21,2005
13,2005
25,2005
13,2005
48,2005
88,2005
7,2005
28,2005
4,2005
35,2005
13,2005
41,2005
43,2005
54,2005
27,2005
20,2005
41,2005
6,2005
14,2005
48,2005
1,2005
23,2005
35,2005
7,2005
84,2005
13,2005
12,2005
5,2005
76,2005
110,2005
30,2005
4,2005
37,2005
99,2005
4,2005
41,2005
8,2005
54,2005
139,2005
45,2005
1,2005
10,2005
30,2005
4,2005
55,2005
8,2005
87,2005
3,2005
83,2005
31,2005
16,2005
4,2005
18,2006
115,2006
77,2006
41,2006
27,2006
22,2006
21,2006
34,2006
11,2006
18,2006
69,2006
47,2006
15,2006
2,2006
26,2006
35,2006
37,2006
52,2006
46,2006
7,2006
31,2006
5,2006
11,2006
77,2006
32,2006
11,2006
1,2006
14,2006
5,2006
24,2006
4,2006
17,2006
8,2006
77,2006
4,2006
22,2006
59,2006
1,2006
41,2006
1,2006
6,2006
5,2006
50,2006
2,2006
14,2006
22,2006
72,2006
32,2006
18,2006
118,2006
14,2006
40,2006
59,2006
33,2006
76,2006
56,2006
75,2006
102,2006
35,2006
26,2006
3,2006
21,2006
69,2006
92,2006
34,2006
20,2006
60,2006
64,2006
65,2006
17,2006
22,2006
68,2006
138,2006
11,2006
3,2006
26,2006
21,2006
13,2006
7,2006
34,2006
42,2006
15,2006
35,2006
2,2006
14,2006
10,2006
96,2006
47,2006
63,2006
66,2006
37,2006
42,2006
36,2006
41,2006
19,2006
13,2006
7,2006
15,2006
70,2006
38,2006
33,2006
9,2006
92,2006
47,2006
37,2006
38,2006
8,2006
10,2006
65,2006
12,2006
39,2006
59,2006
18,2006
36,2006
3,2006
1,2006
2,2006
30,2006
15,2006
10,2006
72,2006
10,2006
37,2006
0,2006
48,2006
4,2006
29,2006
1,2006
45,2006
82,2006
37,2006
103,2006
27,2006
51,2006
30,2006
18,2006
39,2006
22,2006
4,2006
7,2006
43,2006
53,2006
19,2006
17,2006
13,2006
82,2006
26,2006
32,2006
14,2006
15,2006
23,2006
23,2006
2,2006
58,2006
27,2006
7,2006
18,2006
62,2006
50,2006
45,2006
50,2006
22,2006
0,2006
16,2006
57,2006
14,2006
44,2006
57,2006
22,2006
51,2006
79,2006
58,2006
88,2006
92,2006
68,2006
61,2006
18,2006
30,2006
1,2006
41,2006
28,2006
74,2006
35,2006
10,2006
1,2006
31,2007
3,2007
16,2007
1,2007
25,2007
31,2007
20,2007
17,2007
52,2007
16,2007
78,2007
12,2007
18,2007
10,2007
38,2007
22,2007
25,2007
3,2007
24,2007
50,2007
31,2007
27,2007
52,2007
21,2007
32,2007
31,2007
18,2007
24,2007
17,2007
4,2007
45,2007
61,2007
16,2007
53,2007
23,2007
12,2007
49,2007
17,2007
16,2007
1,2007
43,2007
35,2007
15,2007
16,2007
24,2007
45,2007
5,2007
157,2007
22,2007
24,2007
40,2007
26,2007
31,2007
39,2007
6,2007
16,2007
9,2007
25,2007
64,2007
17,2007
28,2007
31,2007
33,2007
77,2007
46,2007
19,2007
35,2007
33,2007
8,2007
43,2007
1,2007
56,2007
9,2007
17,2007
66,2007
0,2007
1,2007
34,2007
10,2007
60,2007
1,2007
9,2007
23,2007
39,2007
7,2007
22,2007
21,2007
13,2007
100,2007
46,2007
26,2007
50,2007
31,2007
49,2007
19,2007
23,2007
2,2007
18,2007
77,2007
7,2007
17,2007
21,2007
26,2007
8,2007
50,2007
20,2007
9,2007
27,2007
71,2007
28,2007
23,2007
25,2007
2,2007
16,2007
91,2007
44,2007
33,2007
62,2007
53,2007
4,2007
75,2007
29,2007
25,2007
17,2007
12,2007
117,2007
55,2007
64,2007
87,2007
10,2007
68,2007
93,2007
66,2007
37,2007
12,2007
89,2007
0,2007
70,2007
24,2007
37,2007
8,2007
48,2007
63,2007
27,2007
20,2007
24,2007
23,2007
42,2007
17,2007
17,2007
33,2007
63,2007
11,2007
10,2007
30,2007
0,2007
31,2007
5,2007
27,2007
34,2007
8,2007
82,2007
59,2007
25,2007
26,2007
84,2007
5,2007
27,2007
19,2007
10,2007
8,2007
42,2007
32,2007
72,2007
64,2007
31,2007
3,2007
3,2007
38,2007
106,2007
19,2007
33,2007
5,2007
87,2007
119,2007
30,2008
9,2008
26,2008
16,2008
2,2008
3,2008
104,2008
55,2008
2,2008
95,2008
76,2008
15,2008
40,2008
68,2008
99,2008
41,2008
38,2008
16,2008
14,2008
17,2008
16,2008
30,2008
44,2008
6,2008
30,2008
42,2008
48,2008
20,2008
62,2008
44,2008
23,2008
64,2008
36,2008
42,2008
17,2008
12,2008
7,2008
33,2008
0,2008
24,2008
73,2008
1,2008
30,2008
21,2008
60,2008
52,2008
0,2008
12,2008
37,2008
65,2008
27,2008
33,2008
3,2008
18,2008
6,2008
64,2008
9,2008
30,2008
15,2008
6,2008
33,2008
76,2008
91,2008
3,2008
86,2008
9,2008
11,2008
50,2008
38,2008
46,2008
19,2008
3,2008
5,2008
32,2008
100,2008
31,2008
56,2008
82,2008
79,2008
28,2008
13,2008
50,2008
5,2008
51,2008
22,2008
27,2008
12,2008
21,2008
22,2008
63,2008
53,2008
4,2008
35,2008
59,2008
30,2008
22,2008
8,2008
27,2008
4,2008
135,2008
13,2008
40,2008
35,2008
10,2008
57,2008
30,2008
15,2008
54,2008
1,2008
4,2008
68,2008
29,2008
32,2008
32,2008
74,2008
2,2008
37,2008
31,2008
31,2008
77,2008
18,2008
61,2008
4,2008
30,2008
46,2008
2,2008
46,2008
12,2008
11,2008
48,2008
17,2008
3,2008
24,2008
28,2008
28,2008
28,2008
54,2008
16,2008
8,2008
63,2008
8,2008
16,2008
8,2008
33,2008
116,2008
69,2008
66,2008
4,2008
14,2008
20,2008
10,2008
63,2008
31,2008
34,2008
56,2008
39,2008
11,2008
29,2008
51,2008
43,2008
46,2008
7,2008
78,2008
6,2008
45,2008
33,2008
48,2008
71,2008
24,2008
76,2008
99,2008
9,2008
61,2008
78,2008
80,2008
108,2008
51,2008
31,2008
35,2008
58,2008
37,2008
34,2008
29,2008
54,2008
26,2008
83,2009
8,2009
4,2009
9,2009
15,2009
34,2009
41,2009
63,2009
32,2009
20,2009
53,2009
19,2009
38,2009
38,2009
15,2009
50,2009
27,2009
97,2009
4,2009
33,2009
57,2009
54,2009
24,2009
47,2009
17,2009
17,2009
30,2009
83,2009
48,2009
12,2009
8,2009
33,2009
66,2009
5,2009
18,2009
21,2009
36,2009
93,2009
43,2009
17,2009
52,2009
13,2009
4,2009
26,2009
43,2009
19,2009
43,2009
28,2009
44,2009
26,2009
51,2009
7,2009
5,2009
32,2009
8,2009
88,2009
22,2009
7,2009
70,2009
5,2009
36,2009
3,2009
51,2009
19,2009
2,2009
13,2009
44,2009
22,2009
40,2009
55,2009
16,2009
22,2009
41,2009
40,2009
18,2009
3,2009
37,2009
27,2009
64,2009
38,2009
68,2009
46,2009
24,2009
6,2009
16,2009
11,2009
22,2009
66,2009
9,2009
93,2009
15,2009
42,2009
44,2009
48,2009
23,2009
19,2009
69,2009
84,2009
16,2009
20,2009
55,2009
34,2009
22,2009
56,2009
35,2009
20,2009
48,2009
88,2009
17,2009
15,2009
15,2009
6,2009
1,2009
20,2009
35,2009
43,2009
117,2009
9,2009
11,2009
20,2009
33,2009
46,2009
61,2009
15,2009
45,2009
36,2009
0,2009
57,2009
54,2009
1,2009
5,2009
45,2009
41,2009
18,2009
5,2009
70,2009
10,2009
2,2009
31,2009
40,2009
1,2009
4,2009
27,2009
18,2009
35,2009
25,2009
5,2009
0,2009
21,2009
62,2009
55,2009
42,2009
27,2009
93,2009
38,2009
5,2009
18,2009
63,2009
54,2009
2,2009
14,2009
57,2009
74,2009
15,2009
42,2009
5,2009
41,2009
54,2009
80,2009
40,2009
17,2009
72,2009
4,2009
8,2009
47,2009
24,2009
96,2009
14,2009
7,2009
28,2009
51,2009
5,2009
7,2009
73,2009
12,2009
56,2010
31,2010
56,2010
8,2010
32,2010
14,2010
36,2010
56,2010
19,2010
1,2010
3,2010
104,2010
43,2010
44,2010
72,2010
9,2010
28,2010
25,2010
27,2010
55,2010
20,2010
16,2010
16,2010
7,2010
23,2010
40,2010
48,2010
64,2010
22,2010
55,2010
95,2010
15,2010
49,2010
52,2010
50,2010
10,2010
65,2010
12,2010
39,2010
36,2010
3,2010
26,2010
23,2010
20,2010
43,2010
108,2010
53,2010
38,2010
4,2010
8,2010
3,2010
13,2010
66,2010
67,2010
50,2010
61,2010
36,2010
38,2010
29,2010
9,2010
81,2010
3,2010
26,2010
12,2010
36,2010
37,2010
70,2010
1,2010
35,2010
12,2010
50,2010
35,2010
9,2010
54,2010
47,2010
8,2010
47,2010
2,2010
29,2010
61,2010
38,2010
41,2010
23,2010
24,2010
1,2010
9,2010
11,2010
10,2010
29,2010
47,2010
71,2010
38,2010
49,2010
65,2010
18,2010
0,2010
16,2010
9,2010
19,2010
36,2010
60,2010
24,2010
25,2010
44,2010
55,2010
3,2010
57,2010
83,2010
84,2010
35,2010
4,2010
35,2010
26,2010
22,2010
2,2010
14,2010
19,2010
30,2010
19,2010
68,2010
11,2010
75,2010
48,2010
32,2010
36,2010
39,2010
50,2010
11,2010
0,2010
63,2010
82,2010
26,2010
3,2010
82,2010
73,2010
19,2010
33,2010
48,2010
8,2010
10,2010
53,2010
20,2010
71,2010
75,2010
76,2010
54,2010
44,2010
5,2010
22,2010
94,2010
29,2010
8,2010
98,2010
9,2010
89,2010
1,2010
101,2010
7,2010
21,2010
52,2010
42,2010
21,2010
116,2010
3,2010
44,2010
29,2010
27,2010
16,2010
6,2010
44,2010
3,2010
28,2010
38,2010
29,2010
10,2010
10,2010
4,2010
30,2010
62,2010
5,2010
69,2010
5,2010
41,2010
24,2010
0,2010
56,2010
